nb,nu,nd,ns,ne,nm,Î¼u,Î¼d,Î¼e,P,e
6.116298399999999e-5,6.13912932638361e-5,0.00011241259210658245,9.702395860863564e-6,2.3169746071894935e-7,0.0,0.08464281785942093,0.10364400599758522,0.01900118813816428,-0.000636496276443199,0.0006543534975694196
0.00012232596799999999,0.00012247791815569827,0.00019022625597081292,5.426274436957162e-5,1.6364910830078006e-7,0.0,0.10654401136925933,0.12346574603987001,0.016921734670610682,-0.0006309978183682895,0.0006742358931251108
0.000183488952,0.000183601392692911,0.0002621307968913392,0.00010470895202315428,1.2428517663004185e-7,0.0,0.1219318049179515,0.13737060148476765,0.015438796566816146,-0.0006244506251913935,0.000697232390158353
0.00024465193599999997,0.00024473827365344467,0.000331649249302542,0.00015754329455001413,1.0027645198159195e-7,0.0,0.13418854851341094,0.1485613023166025,0.014372753803191555,-0.0006170685534083269,0.0007225861497626246
0.00030581491999999997,0.00030591719843602386,0.00039979841141610196,0.00021175679196322903,8.406967899358477e-8,0.0,0.14454712398114325,0.15809964625571965,0.013552522274576397,-0.000608988478238412,0.000749895730125022
0.000366977904,0.0003670326530840862,0.0004670073047429861,0.0002668649145909517,7.255051003311698e-8,0.0,0.15359307603513975,0.16649597084323514,0.012902894808095387,-0.0006003118910749725,0.0007788732690119784
0.000428140888,0.0004281956121883584,0.0005335763545218117,0.00032265287282282724,6.38126589900058e-8,0.0,0.1616890264095953,0.1740516111216932,0.012362584712097923,-0.0005910974842556144,0.0008093608813014301
0.0004893038719999999,0.0004893474173474869,0.0005996195234876003,0.000378928570191781,5.697822260367843e-8,0.0,0.1690451621116819,0.18094962939785553,0.011904467286173611,-0.000581403838535867,0.0008411942452249549
0.0005504668559999999,0.0005505033755527285,0.0006652686988203418,0.0004356107576275095,5.1492372470693e-8,0.0,0.17581179708540345,0.1873212487678234,0.01150945168241997,-0.0005712686127964348,0.0008742723077275679
0.0006116298399999999,0.0006116630502720085,0.0007305894608567084,0.0004926190877603602,4.698130131358999e-8,0.0,0.18209451343367578,0.19325754143210153,0.011163027998425763,-0.0005607259159583467,0.0009085012027010319
0.000672792824,0.0006728207937382529,0.0007956372137042201,0.000549900709320171,4.321137756273791e-8,0.0,0.18797105014281593,0.19882713019833614,0.010856080055520224,-0.0005498036888795266,0.0009438044329505727
0.000733955808,0.0007339811214205447,0.0008604481253608499,0.0006074103134741205,4.0004022286939815e-8,0.0,0.1935016817786455,0.20408223120281835,0.01058054942417287,-0.0005385257152809055,0.0009801165452214184
0.0007951187919999999,0.0007951439646551303,0.0009250611412340427,0.0006651221459991032,3.7246080362838726e-8,0.0,0.19873323296510828,0.20906482364967124,0.010331590684562962,-0.0005269114089586398,0.0010173847130545567
0.000856281776,0.0008563028396947596,0.0009895080328798313,0.000723016522315063,3.485866943866754e-8,0.0,0.20370263336765967,0.2138085862414982,0.010105952873838534,-0.0005149779804269732,0.0010555619301631423
0.00091744476,0.000917460491716748,0.0010537930606858094,0.0007810581299909906,3.275922155343703e-8,0.0,0.20844062412876535,0.21833947673755172,0.009898852608786365,-0.0005027427168409089,0.0010945995274901838
0.0009786077439999999,0.0009786244034050858,0.001117938351283206,0.0008392345706989452,3.089583576839093e-8,0.0,0.212972933502169,0.22268042419119563,0.00970749068902663,-0.000490218238356746,0.0011344631447502823
0.0010397707279999999,0.0010397866879016488,0.0011819612890463817,0.0008975345867492325,2.9236934921262806e-8,0.0,0.21732001431648823,0.22685055662672476,0.00953054231023654,-0.0004774169743711258,0.0011751185078430649
0.0011009337119999999,0.0011009767253618683,0.0012458898285535585,0.000955960871963993,2.7741809197151097e-8,0.0,0.22150166686332262,0.23086690000863355,0.009365233145310927,-0.0004643456538454418,0.0012165485390096544
0.0011620966959999999,0.001162107196016044,0.0013096946670444673,0.0010144670964601372,2.6414939728724397e-8,0.0,0.22552726669880951,0.234740743388364,0.009213476689554505,-0.00045102610365179644,0.0012586886666736258
0.0012232596799999999,0.0012232697777693946,0.0013734176113561168,0.0010730747136765445,2.5199590155536348e-8,0.0,0.22941606918002522,0.238486017779579,0.009069948599553799,-0.0004374562125235181,0.001301548397170426
0.001284422664,0.0012844314643582141,0.0014370548385140211,0.0011317656289174243,2.409235123159395e-8,0.0,0.23317726427942143,0.2421123775413085,0.008935113261887066,-0.00042364836125449766,0.001345092022382447
0.001345585648,0.001345592032551804,0.0015006082682764768,0.0011905287985022172,2.3077387663475594e-8,0.0,0.23682081529945043,0.24562865121140845,0.00880783591195802,-0.0004096109785322304,0.0013892957519413137
0.001406748632,0.0014067541285867097,0.0015640943608948778,0.0012493681768028784,2.2146547950784303e-8,0.0,0.24035565814809182,0.2490434421277541,0.008687783979662272,-0.0003953494305059037,0.0014341453320250673
0.001467911616,0.0014679160220921503,0.0016275149614703645,0.0013082755186206569,2.1289263591447896e-8,0.0,0.24378946468013848,0.25236367001485294,0.00857420533471445,-0.0003808709148490668,0.001479620418559265
0.0015290746,0.0015290784733458303,0.0016908726257026648,0.001367244317057317,2.0496096183872815e-8,0.0,0.24712919957024232,0.2555955722857038,0.008466372715461488,-0.0003661818051065126,0.0015257030679334896
0.0015902375839999998,0.001590242108534271,0.0017541718623517266,0.0014262708173120749,1.9759942270339294e-8,0.0,0.25038108693313693,0.25874485967642374,0.008363772743286804,-0.0003512877072374203,0.0015723776149852604
0.0016514005679999998,0.0016514039686254644,0.001817417315889682,0.001485352206855176,1.9076161669604188e-8,0.0,0.2535505368696353,0.26181670050368155,0.008266163634046251,-0.00033619406541996936,0.0016196288049094535
0.001712563552,0.0017125654142613035,0.0018806113853202075,0.0015444842793989062,1.843862576670374e-8,0.0,0.2566426469755842,0.26481567867471895,0.00817303169913476,-0.00032090592736311736,0.0016674424320758789
0.0017737265359999998,0.001773728362944519,0.0019437576715195292,0.0016036645621592795,1.7842331394800324e-8,0.0,0.2596620619697462,0.26774602279995446,0.00808396083020826,-0.00030542774647667294,0.001715806049069409
0.00183488952,0.001834892930481732,0.0020068627353439115,0.0016628939011293406,1.7284434376752844e-8,0.0,0.2626129182978366,0.2706117284791442,0.007998810181307605,-0.0002897633136674877,0.0017647092256541119
0.0018960525039999998,0.0018960567802324283,0.002069921327228025,0.0017221625241406707,1.6759894121390216e-8,0.0,0.2654988742534569,0.27341593706056944,0.00791706280711252,-0.0002739182880940752,0.0018141355210897782
0.0019572154879999998,0.0019572163131667914,0.002132938258267498,0.0017814705097309992,1.6267445445135285e-8,0.0,0.2683232189205182,0.27616196842540225,0.007838749504884042,-0.00025789655020098023,0.0018640740895821913
0.002018378472,0.0020183798523021913,0.002195917906731666,0.0018408179095843716,1.5802581895092245e-8,0.0,0.2710895034775453,0.27885286272090987,0.007763359243364579,-0.00024170072903913214,0.0019145177821376907
0.0020795414559999998,0.0020795409234040147,0.0022588606067022866,0.0019002012957408168,1.5364303764035258e-8,0.0,0.2738003457455363,0.28149125986212115,0.007690914116584861,-0.00022533523387073393,0.0019654539506195456
0.00214070444,0.002140700970901442,0.0023217681170010994,0.0019596188722690133,1.495004070121784e-8,0.0,0.27645850089283963,0.2840796616941747,0.0076211608013350704,-0.00020880332845278247,0.0020168733911584006
0.0022018674239999998,0.002201865935616756,0.0023846450056023497,0.0020190717631019257,1.4557095452336166e-8,0.0,0.2790667059896491,0.28662050183850873,0.007553795848859608,-0.0001921071710268511,0.002068770264872239
0.002263030408,0.00226302849294787,0.002447488774042908,0.002078554647339632,1.4184655043188895e-8,0.0,0.2816269471253016,0.28911576484053875,0.007488817715237125,-0.00017525121049485036,0.002121131627922129
0.0023241933919999997,0.002324191103917213,0.002510302382710506,0.0021380675758585392,1.383093193151649e-8,0.0,0.28414146714447125,0.2915675105156294,0.007426043371158142,-0.00015823788116210767,0.002173950710837989
0.002385356376,0.002385353395415671,0.0025730832611044695,0.0021976055499793147,1.3493811740916955e-8,0.0,0.286612239320691,0.29397745070269377,0.007365211382002758,-0.0001410707256554668,0.002227217238049818
0.0024465193599999997,0.002446517507494409,0.0026358386399072268,0.002257173039703174,1.3172874702540835e-8,0.0,0.28904120206840095,0.29634755287139924,0.007306350802998312,-0.00012375113787252922,0.002280927632789462
0.0025076823439999997,0.0025076785554026247,0.0026985708959349716,0.002316770080392189,1.2868230409532484e-8,0.0,0.2914298935552285,0.29867948072444417,0.007249587169215665,-0.00010628191676498419,0.002335073942991482
0.002568845328,0.0025688453191652946,0.0027612792561354125,0.0023763938590646194,1.257662225291868e-8,0.0,0.2937802734849883,0.3009746805292061,0.0071944070442178055,-8.866499958177739e-5,0.0023896506949789504
0.0026300083119999997,0.0026300058719408996,0.0028239599308113304,0.0024360388169010374,1.2298621323790614e-8,0.0,0.29609340120984456,0.3032344030219102,0.007141001812065618,-7.090480868118657e-5,0.0024446448604890625
0.002691171296,0.00269116784866939,0.002886617321587185,0.0024957073053647537,1.2032503022881981e-8,0.0,0.2983709936161601,0.3054601135941756,0.007089119978015491,-5.3002229160245594e-5,0.0025000542314049202
0.0027523342799999997,0.002752329894793412,0.0029492521340158603,0.00255539827313706,1.177772526762051e-8,0.0,0.30061433706696433,0.307653064369292,0.007038727302327675,-3.495961112691458e-5,0.002555872086782287
0.002813497264,0.0028134924144977177,0.0030118656096389147,0.002615111281539476,1.1533572447047142e-8,0.0,0.3028247053426643,0.30981445491225756,0.006989749569593269,-1.6778937275075323e-5,0.0026120928076402536
0.0028746602479999997,0.0028746533924318366,0.003074457376824166,0.002674844446681602,1.129954754594726e-8,0.0,0.30500321334305036,0.3119453637379796,0.006942150394929262,1.5373399901636494e-6,0.0026687093089651417
0.002935823232,0.0029358168101037536,0.003137027247971637,0.002734596144047233,1.1074217998596187e-8,0.0,0.30715112223933444,0.31404681690066977,0.006895694661335351,1.99874867039256e-5,0.0027257166538760106
0.002996986216,0.002996979104624841,0.003199580191362377,0.002794369755257997,1.0858334052028556e-8,0.0,0.30926936415912626,0.3161199555772953,0.0068505914181690095,3.857009122168009e-5,0.002783110996108005
0.0030581492,0.003058142852351922,0.0032621176927665574,0.0028541654151800515,1.065105186150839e-8,0.0,0.3113590291589562,0.31816574833195027,0.006806719172994099,5.72837737691593e-5,0.0028408884803171543
0.003119312184,0.003119307166164054,0.003324635270668824,0.0029139776181133737,1.0451255142521139e-8,0.0,0.3134210335653984,0.32018492274445304,0.006763889179054644,7.612567772966397e-5,0.0028990406548158364
0.0031804751679999996,0.003180467984935291,0.003387128431859689,0.0029738008994270666,1.025840884473501e-8,0.0,0.3154561411719312,0.3221781694420674,0.006722028270136174,9.509264332857375e-5,0.002957558151181616
0.003241638152,0.0032416327439452014,0.0034496087327692457,0.0030336452199479337,1.0072598521109495e-8,0.0,0.31746545207049964,0.3241466474898677,0.00668119541936805,0.00011418600790654191,0.0030164454974922613
0.0033028011359999996,0.0033027934170517218,0.003512073507249889,0.0030935069852335447,9.894159846361555e-9,0.0,0.31944951294066687,0.3260910200341452,0.006641507093478304,0.00013340269435401615,0.003075693600490504
0.0033639641199999996,0.003363958019196004,0.0035745211927329943,0.0031533837039847464,9.72128283856337e-9,0.0,0.3214093544293999,0.32801195248570286,0.006602598056302955,0.00015274158721315892,0.003135299273560462
0.003425127104,0.0034251223815029105,0.0036369582075052084,0.0032132805869603625,9.555047255058783e-9,0.0,0.32334557417696524,0.3299103204673043,0.006564746290339032,0.0001722019725686069,0.0031952607291909838
0.003486290088,0.0034862847769260457,0.0036993760952745407,0.00327318862107439,9.394184246060908e-9,0.0,0.325258817461473,0.3317865150217953,0.006527697560322298,0.00019178037168231243,0.003255567501518326
0.0035474530719999996,0.003547446486815563,0.0037617792532853374,0.0033331111642474543,9.238759463598395e-9,0.0,0.3271497919947754,0.33364128938382187,0.006491497389046447,0.00021147632532866683,0.003316218501861587
0.003608616056,0.0036086088643445704,0.003824168528549175,0.00339304820962326,9.088382432008382e-9,0.0,0.32901917530708175,0.3354752596865723,0.006456084379490575,0.00023128870222541287,0.0033772105284551007
0.00366977904,0.003669770837414959,0.0038865438272850878,0.003452998883637328,8.942883927265429e-9,0.0,0.330867541597733,0.33728898803978213,0.006421446442049089,0.0002512159524531186,0.003438539093817454
0.003730942024,0.0037309331497939395,0.003948905681851995,0.003512962948804447,8.801956814485151e-9,0.0,0.33269549365325607,0.3390830303938881,0.006387536740632019,0.0002712568970198575,0.003500200832945036
0.0037921050079999996,0.0037920949745030284,0.0040112539660722675,0.003572939566929792,8.665429451309146e-9,0.0,0.33450356186950053,0.3408579006237611,0.006354338754260546,0.00029141008210530376,0.0035621915344598537
0.003853267992,0.003853258847202642,0.004073588947313374,0.003632928308589009,8.53279013891285e-9,0.0,0.336292351765808,0.342614102313422,0.00632175054761397,0.000311674548858927,0.0036245084763653177
0.0039144309759999996,0.003914420646875899,0.0041359124384261715,0.003692930261429872,8.404506380709382e-9,0.0,0.3380622517597041,0.34435216136073044,0.006289909601026303,0.00033204896550840623,0.0036871478502213282
0.00397559396,0.003975583842508275,0.004198224374887673,0.0037529447341524795,8.279943227899383e-9,0.0,0.3398138503924608,0.34607253095873375,0.006258680566272934,0.0003525324816461519,0.0037501072409025856
0.004036756944,0.004036746868428008,0.004260524222220749,0.003812970607733459,8.159021299797176e-9,0.0,0.3415475702052312,0.3477756335681545,0.006228063362923306,0.00037312360949529435,0.0038133823053613136
0.004097919928,0.004097911978846935,0.004322817337337128,0.0038730124657962777,8.041867968670707e-9,0.0,0.343263923404384,0.349462033880354,0.006198110475970017,0.0003938226230290775,0.0038769741227803515
0.0041590829119999995,0.004159074546809867,0.004385094439919357,0.003933060806120908,7.927827130776674e-9,0.0,0.3449632116861492,0.35113188432981196,0.006168672643662784,0.00041462581484839054,0.003940871473055455
0.004220245896,0.004220236960772223,0.004447356982335036,0.003993116489150972,7.816639253300022e-9,0.0,0.3466459170248784,0.3527856152166406,0.00613969819176221,0.0004355326568958993,0.004005072928783005
0.00428140888,0.004281400353249168,0.004509612798395087,0.0040531865562239726,7.708824251845335e-9,0.0,0.3483124687969729,0.35442380788959044,0.006111339092617538,0.0004565439454879257,0.004069581182030378
0.004342571864,0.004342561633583117,0.004571858114011709,0.004113266872188097,7.604159013663418e-9,0.0,0.34996316666173977,0.35604672107256896,0.006083554410829173,0.0004776574315440593,0.004134389508870662
0.0044037348479999995,0.004403726819849878,0.004634092248534988,0.004173356302503682,7.501829413278959e-9,0.0,0.3515985414698998,0.35765468363522,0.00605614216532024,0.0004988726348436045,0.004199496562634851
0.004464897832,0.004464888261421895,0.004696319234033707,0.004233458281626103,7.402848266574688e-9,0.0,0.35321874409351045,0.3592481327934359,0.0060293886999255,0.0005201885724195624,0.00426489959519398
0.004526060816,0.004526051611476713,0.004758533858146398,0.004293567332431281,7.306033894416302e-9,0.0,0.35482426753709856,0.360827256722059,0.006002989184960438,0.0005416037441667068,0.004330594087735293
0.0045872238,0.004587215822194347,0.0048207438750279795,0.004353690520639415,7.2120891113579845e-9,0.0,0.3564154135850243,0.36239256184054924,0.005977148255524946,0.0005631188453063747,0.004396582406356474
0.0046483867839999995,0.004648378176891767,0.004882941004688716,0.004413819432658194,7.120392515970846e-9,0.0,0.35799243050275337,0.3639441389022244,0.005951708399471029,0.0005847307217695799,0.00446285499400085
0.004709549768,0.0047095388181909266,0.004945128515867664,0.004473956829158413,7.031116340799296e-9,0.0,0.3595556306345118,0.36548235997804357,0.005926729343531783,0.0006064392203981452,0.004529411561780466
0.004770712752,0.004770702815405502,0.005007308007706878,0.004534103872821998,6.943838012085863e-9,0.0,0.3611054398440476,0.36700754387782264,0.005902104033775058,0.0006282444260378876,0.004596252492867186
0.004831875736,0.004831864659603751,0.005069475861822979,0.004594256691849905,6.858646043560737e-9,0.0,0.36264200488347,0.3685198724514494,0.005877867567979414,0.0006501439595296088,0.004663370656353344
0.0048930387199999995,0.0048930287225957105,0.005131641314934712,0.004654423866441199,6.775843603424876e-9,0.0,0.3641657126790268,0.3700198304854889,0.005854117806462129,0.0006721396560670294,0.004730771855055233
0.004954201704,0.0049541914225837026,0.005193795138523639,0.004714596119303744,6.694872045782027e-9,0.0,0.3656767416400914,0.371507446969595,0.005830705329503606,0.0006942280848694988,0.00479844567080933
0.0050153646879999994,0.005015354188199507,0.005255937167115805,0.004774772952330088,6.615521437608888e-9,0.0,0.3671753865873687,0.37298296426201394,0.0058075776746452186,0.0007164085500685203,0.004866390095280276
0.005076527672,0.005076516548890639,0.0053180785408140415,0.004834964830362339,6.538649878671472e-9,0.0,0.36866188682029577,0.374446882350454,0.005784995530158225,0.0007386828348978147,0.004934610809022664
0.005137690656,0.005137679958289386,0.005380208666603713,0.004895161180163762,6.463204068301167e-9,0.0,0.37013652018547144,0.3758991796476506,0.005762659462179206,0.0007610478204203753,0.00500309829438884
0.00519885364,0.005198842975670395,0.005442331043897632,0.004955365086814506,6.38951157823585e-9,0.0,0.37159948678985516,0.37734016081928856,0.00574067402943342,0.0007835033906006009,0.005071852357852677
0.005260016623999999,0.005260006622696667,0.005504446776441176,0.005015577325627148,6.317504829416564e-9,0.0,0.37305103869599293,0.37877006631939747,0.005719027623404564,0.0008060491839083007,0.005140872013188556
0.005321179608,0.0053211683407293825,0.00556655287498578,0.0050757947129207994,6.247089633413728e-9,0.0,0.3744913361943252,0.3801890362002085,0.005697700005883341,0.0008286834212619256,0.00521015192872062
0.005382342592,0.005382331857115556,0.005628653819837707,0.005136021315834418,6.1782499174162524e-9,0.0,0.3759206810135656,0.3815973750963818,0.0056766940828162004,0.0008514069254613462,0.005279694742316348
0.005443505576,0.0054434934779711295,0.005690743051978474,0.005196250503960575,6.110723566649495e-9,0.0,0.3773391943071268,0.3829951310811357,0.0056559367740089085,0.0008742169284032263,0.005349492073388721
0.005504668559999999,0.005504657929855071,0.0057528287319022434,0.005256489932417735,6.044696186933816e-9,0.0,0.3787471867214755,0.38438267856972863,0.005635491848253136,0.0008971153145353959,0.00541954982174513
0.005565831544,0.005565818306237833,0.005814909093032567,0.005316737635946189,5.980487693638296e-9,0.0,0.38014469490425584,0.38576016174456673,0.005615466840310873,0.0009201001041744937,0.005489862073980262
0.005626994528,0.005626981577830429,0.005876981874061526,0.00537699117471935,5.9173697714425825e-9,0.0,0.3815320680537669,0.38712770981819333,0.005595641764426434,0.000943170952996569,0.005560427811135216
0.005688157512,0.00568814516636813,0.005939047485107389,0.005437250707967144,5.855513010751092e-9,0.0,0.38290943102921843,0.3884855065891042,0.005576075559885776,0.000966326976840648,0.005631244451721025
0.005749320495999999,0.00574930796044454,0.0060011067532405185,0.005497516806942481,5.795004203079494e-9,0.0,0.3842769378035408,0.3898337397547734,0.0055568019512326474,0.0009895675917891314,0.005702310322440193
0.00581048348,0.00581047263626694,0.006063159760322371,0.0055577893261335295,5.735614899312176e-9,0.0,0.38563482178524017,0.39117257581058673,0.005537754025346581,0.0010128925270678625,0.005773624671782018
0.005871646464,0.005871634321359146,0.006125207024911894,0.005618068550601824,5.677669362925465e-9,0.0,0.3869831440266235,0.3925021860302248,0.005519042003601307,0.001036300663919703,0.005845184212214265
0.005932809448,0.005932797942565171,0.0061872478031616595,0.005678353544985596,5.620736548585964e-9,0.0,0.38832217767449617,0.3938227102789171,0.005500532604420927,0.001059791838154421,0.005916988491538826
0.005993972432,0.005993962128011854,0.006249285470583577,0.005738647383061094,5.565088071380709e-9,0.0,0.3896520519136935,0.3951343714820757,0.005482319568382173,0.001083366124672166,0.005989037861604425
0.006055135416,0.006055124484634167,0.006311314235075177,0.005798944234174076,5.510466922594779e-9,0.0,0.3909728704487866,0.3964371947542392,0.005464324305452647,0.0011070211610243164,0.006061325165066752
0.0061162984,0.006116286125335518,0.006373334916938137,0.005859244698310553,5.456817084544126e-9,0.0,0.39228480914783675,0.39773134205745314,0.0054465329096164035,0.001130756710345696,0.006133849761943349
0.006177461384,0.006177449172134458,0.006435354671761077,0.005919555542538674,5.404412209275524e-9,0.0,0.39358806063342217,0.39901710205926477,0.005429041425842604,0.0011545743002626743,0.006206616438312341
0.006238624368,0.006238611642800697,0.00649736639248838,0.005979869670542273,5.352899885158118e-9,0.0,0.39488272587016876,0.40029446317465583,0.0054117373044870925,0.0011784713026157787,0.006279617209261533
0.006299787352,0.006299774580631532,0.006559372759857031,0.006040189508162412,5.3023469342301605e-9,0.0,0.3961689666097863,0.40156361379652195,0.005394647186735649,0.0012024479855186555,0.006352852985169219
0.006360950335999999,0.006360937966870062,0.006621374125644487,0.006100515221518824,5.25274315695817e-9,0.0,0.39744691831150963,0.40282469034840485,0.00537777203689522,0.0012265038957606292,0.006426322461908342
0.006422113320000001,0.006422100168251744,0.006683369026006893,0.006160845214401419,5.204069420729422e-9,0.0,0.3987166795619628,0.40407778926035104,0.00536110969838828,0.0012506379054843292,0.006500022272365426
0.006483276304,0.0064832642716305434,0.006745359962677333,0.006221181753987842,5.156256199044968e-9,0.0,0.39997844351408735,0.40532308398633626,0.005344640472248932,0.0012748505465211878,0.006573954110530637
0.006544439288,0.006544427331902885,0.006807345358747229,0.006281523142462303,5.109358332381567e-9,0.0,0.40123227521333577,0.4065606625481877,0.005328387334851942,0.0012991405033709047,0.006648114042059321
0.006605602271999999,0.006605590129559877,0.006869321306202761,0.00634186541513239,5.063079525827051e-9,0.0,0.40247831375148047,0.4077905647033051,0.00531225095182464,0.0013235063487132296,0.0067224977483558695
0.006666765256,0.006666752763617803,0.006931299719957998,0.006402220018325419,5.018061022489156e-9,0.0,0.40371668104015107,0.4090131404228487,0.0052964593826976365,0.0013479507086736247,0.006797113397992706
0.006727928239999999,0.006727915509150886,0.006993269699751754,0.006462576186828419,4.973643432942855e-9,0.0,0.40494749954924936,0.41022828531367816,0.0052807857644288185,0.001372470279131839,0.006871950895239066
0.0067890912240000005,0.006789079180355193,0.007055235112592318,0.0065229375383491555,4.9299739711841055e-9,0.0,0.40617089953996366,0.4114361844402809,0.005265284900317238,0.0013970656973507742,0.006947012273514585
0.006850254208,0.006850241837273381,0.007117195018758759,0.006583303013093661,4.887086040627819e-9,0.0,0.40738695355977644,0.41263692565559484,0.005249972095818406,0.0014217359756099244,0.007022294591095781
0.006911417192,0.006911404617886356,0.007179150562712018,0.006643673585105884,4.844954083360743e-9,0.0,0.4085957930852717,0.4138306348084493,0.005234841723177587,0.0014464810996915978,0.007097797868786499
0.006972580176,0.006972568752354266,0.00724110238806472,0.006704049744244558,4.803522209769274e-9,0.0,0.40979754830547893,0.4150174252840637,0.005219876978584763,0.0014713009470755357,0.007173521791249997
0.00703374316,0.007033731452941393,0.007303048614655853,0.0067644295237725156,4.762820193549098e-9,0.0,0.4109922681200682,0.4161973599450596,0.005205091824991359,0.0014961941812659395,0.0072494623490155525
0.007094906143999999,0.0070948942906892505,0.00736498704658946,0.0068248106511147755,4.722629595870703e-9,0.0,0.4121800847014012,0.41737049426230743,0.005190409560906224,0.001521159976033611,0.007325617056735523
0.007156069128,0.007156057000444327,0.007426923928951493,0.006885199085991183,4.6832679206053344e-9,0.0,0.4133610918379109,0.41853704099026623,0.005175949152355303,0.0015461995230557054,0.007401989653105438
0.007217232112,0.007217219033087771,0.0074888570901097806,0.006945592586461152,4.644628892718528e-9,0.0,0.4145353757496131,0.41969705095238424,0.005161675202771176,0.001571311731497012,0.007478576857602769
0.0072783950960000005,0.007278381857397816,0.007550785656697402,0.0070059901784080714,4.606572339088884e-9,0.0,0.4157030591286107,0.4208505979644998,0.005147538835889061,0.0015964961394822788,0.007555377302496002
0.00733955808,0.0073395442993049575,0.007612709201118315,0.007066391324783435,4.5691196718325765e-9,0.0,0.41686421189253164,0.421997762460258,0.005133550567726354,0.0016217520443025154,0.007632388905993112
0.007400721064,0.007400707839958148,0.007674629107674949,0.007126797258656007,4.53224692253739e-9,0.0,0.41801895239988585,0.42313865641974924,0.005119704019863395,0.0016470796087391473,0.007709612218486674
0.007461884048,0.0074618714180812225,0.007736544779812289,0.007187207283561546,4.49596120674968e-9,0.0,0.4191673488042752,0.4242733532091743,0.005106004404899123,0.0016724781123953086,0.007787045100386543
0.007523047032,0.007523033972898258,0.007798456696064012,0.007247621754345049,4.460320559572986e-9,0.0,0.42030946778300465,0.42540194417219795,0.0050924763891933246,0.0016979471311393212,0.007864686321808511
0.007584210015999999,0.007584197072327612,0.007860364436555781,0.007308040151643075,4.4252107370179e-9,0.0,0.42144542326009665,0.4265245024701239,0.005079079210027259,0.0017234863690254593,0.007942535018932695
0.0076453730000000004,0.007645359673271181,0.007922268131420865,0.0073684624950833,4.3906730001688055e-9,0.0,0.42257527861259314,0.42764110962034835,0.0050658310077552095,0.0017490953200756214,0.008020589708216926
0.007706535984,0.007706524712488106,0.00798417012423608,0.00742889096751127,4.356660619226642e-9,0.0,0.42369916880322395,0.42875188505545514,0.005052716252231201,0.0017747746550654296,0.008098852479551824
0.007767698968,0.00776768618763309,0.008046062837984425,0.007489318068837263,4.323093544586726e-9,0.0,0.4248170629924545,0.4298567690991037,0.005039706106649233,0.0018005210514081753,0.008177313246186564
0.007828861951999999,0.007828847958706725,0.008107955660668551,0.007549752863789915,4.290206328797939e-9,0.0,0.4259291098311585,0.4309560038183926,0.005026893987234097,0.0018263372654948409,0.00825598049278081
0.007890024936,0.007890013702107573,0.008169846228106683,0.0076101929462717155,4.257704866749734e-9,0.0,0.4270354515694381,0.4320496192280012,0.005014167658563097,0.0018522227980303772,0.00833485270418016
0.00795118792,0.007951175730815148,0.008231730615133012,0.007670634386358084,4.225754368940252e-9,0.0,0.42813602357774927,0.4331376173597051,0.005001593781955782,0.0018781750957618084,0.008413922172663017
0.008012350904,0.008012338773734312,0.00829361125527073,0.007731079465772051,4.194233956553069e-9,0.0,0.42923098425102213,0.43422011115331605,0.00498912690229389,0.0019041951415927237,0.008493191923424155
0.008073513888,0.008073501097242372,0.008355488310539082,0.007791528250082284,4.16321670101406e-9,0.0,0.43032037395356804,0.435297171861023,0.004976797907454952,0.0019302823734183073,0.008572660301412644
0.008134676872,0.008134663525211087,0.008417361750041102,0.007851980618283677,4.132651500505893e-9,0.0,0.4314042774447444,0.43636886599346963,0.0049645885487252335,0.001956436545159635,0.00865232659543248
0.008195839856,0.008195826740454274,0.008479231815161616,0.007912436717228568,4.102506991189388e-9,0.0,0.4324827753077511,0.4374352634377865,0.004952488130035398,0.0019826574726813087,0.008732190284940428
0.00825700284,0.008256988465555554,0.008541098028968509,0.007972895993604418,4.0728507121972925e-9,0.0,0.43355589471656225,0.4384964204292473,0.004940525712685035,0.0020089443471037515,0.00881224896075476
0.008318165823999999,0.008318151112643179,0.008602960940920449,0.008033358898807592,4.043589518940158e-9,0.0,0.4346237439823548,0.4395524095930529,0.0049286656106981245,0.002035297329322306,0.008892503142508336
0.008379328807999999,0.008379315881212955,0.008664821381994647,0.008093826161325708,4.014696960907041e-9,0.0,0.43568640828220284,0.44060330693222777,0.004916898650024907,0.002061716493291611,0.008972953093894544
0.008440491792,0.008440478140949288,0.008726677456983706,0.008154295846385643,3.986280591212845e-9,0.0,0.43674387059141995,0.4416491410193901,0.004905270427970203,0.0020882002961834277,0.009053594175295152
0.008501654776000001,0.008501640482076356,0.008788530167606216,0.00821476885243057,3.958261079849925e-9,0.0,0.43779623814964314,0.442689988517768,0.004893750368124824,0.0021147490678487136,0.009134427420620036
0.00856281776,0.00856280420202622,0.008850379909310528,0.008275245487017331,3.930590909341151e-9,0.0,0.4388435940594105,0.4437259145205738,0.004882320461163349,0.002141362785991497,0.009215452795165458
0.008623980744,0.008623966690532513,0.008912226273410208,0.008335725272947136,3.903351862564178e-9,0.0,0.43988595340658737,0.4447569695326303,0.004871016126042889,0.002168040631444376,0.009296667857783998
0.008685143728,0.00868513028947518,0.008974069570376149,0.00839620843767833,3.876450596680646e-9,0.0,0.44092341479216446,0.44578321502907226,0.004859800236907809,0.00219478271868456,0.009378072981683786
0.008746306712,0.008746292385199007,0.009035908959295234,0.008456694083971397,3.849950782977323e-9,0.0,0.4419559915039024,0.44680469237924514,0.0048487008753427124,0.002221588108059598,0.009459665355350316
0.008807469695999999,0.008807455571397798,0.00909774589023921,0.008517183556802798,3.823795819274506e-9,0.0,0.44298378388263987,0.44782147978039744,0.0048376958977575405,0.002248457288585505,0.00954144649651054
0.008868632679999999,0.008868618709891519,0.0091595766091677,0.008577673111582501,3.797877515297412e-9,0.0,0.4440068281390875,0.4488335690204733,0.004826740881385811,0.0022753887006075313,0.009623411677849445
0.008929795664,0.008929781794651854,0.009221410004727997,0.00863817137387238,3.772530343883557e-9,0.0,0.4450251786264293,0.4498411575828293,0.004815978956399932,0.0023023846150667434,0.009705567902655999
0.008990958648000001,0.008990944601520879,0.009283237486384465,0.00869866986966083,3.747423409140518e-9,0.0,0.446038885100238,0.45084415650396303,0.004805271403725048,0.002329442210925681,0.009787906567410732
0.009052121632,0.009052106406343323,0.009345059644154162,0.00875916910739117,3.722601176288338e-9,0.0,0.4470479881844317,0.4518426263357841,0.0047946381513523754,0.0023565612504588616,0.009870426992058909
0.009113284616,0.00911326985475359,0.00940688127573447,0.008819673715201882,3.6981350113849577e-9,0.0,0.4480525829955734,0.4528366940686152,0.00478411107304183,0.00238374323369676,0.009953133788309006
0.0091744476,0.009174432478360058,0.009468699771894021,0.008880181074047899,3.6740132585238584e-9,0.0,0.44905267951777145,0.45382636615019994,0.004773686632428478,0.0024109867440195204,0.01003602267821835
0.009235610584,0.009235597616545556,0.009530519054100923,0.008940694958153608,3.650246520427925e-9,0.0,0.4500483818925175,0.4548117527859982,0.004763370893480746,0.0024382931475039698,0.010119097854019
0.009296773567999999,0.009296760278158447,0.009592328705830119,0.009001205107104957,3.626633650500007e-9,0.0,0.45103965771039717,0.45579273521101843,0.004753077500621242,0.0024656583539056478,0.010202346870844462
0.009357936552,0.009357923955443322,0.009654138440870106,0.009061720967622923,3.6033924612147827e-9,0.0,0.4520266117187849,0.4567695141274205,0.004742902408635634,0.0024930854608286126,0.010285779223057493
0.009419099536,0.009419086291575328,0.009715945634006282,0.009122239908651426,3.5805064961839145e-9,0.0,0.4530092530761133,0.45774209306773267,0.0047328399916193665,0.0025205730664628707,0.010369390675983532
0.00948026252,0.009480249119571607,0.00977774967034245,0.0091827612679195,3.5578796803623195e-9,0.0,0.4539876576607364,0.4587105069359135,0.004722849275177063,0.0025481209918898217,0.010453180701002153
0.009541425504,0.009541411617535751,0.00983955143528708,0.00924328585332748,3.535566681435613e-9,0.0,0.4549618578516549,0.4596748134066491,0.004712955554994246,0.0025757291050450544,0.010537148937572686
0.009602588488,0.009602574503513785,0.009901350008928278,0.00930381270583663,3.5135029584670547e-9,0.0,0.4559319098470477,0.46063504119607873,0.004703131349031048,0.0026033969744455247,0.010621294093207678
0.009663751472,0.009663737291230608,0.009963146776755168,0.009364343125322777,3.4917478956603498e-9,0.0,0.4568978499133226,0.4615912541395606,0.004693404226237986,0.0026311246745645382,0.010705616435583959
0.009724914456,0.009724899616241584,0.010024940003992686,0.009424875356366547,3.4702479961958864e-9,0.0,0.457859715617935,0.4625434670340498,0.0046837514161148265,0.0026589113709872907,0.010790113447924502
0.009786077439999999,0.009786062170414559,0.010086730751281175,0.009485410382615718,3.4490097043711977e-9,0.0,0.45881756040722704,0.4634917372430182,0.004674176835791137,0.002686757226511122,0.010874785656348626
0.009847240424,0.009847226453359217,0.010148518821864756,0.009545947956985488,3.427969243243472e-9,0.0,0.4597714494098438,0.46443610201392904,0.004664652604085207,0.002714662156341006,0.010959632820789232
0.009908403408,0.009908389370426577,0.010210304405271604,0.009606488211729285,3.4072341233855135e-9,0.0,0.46072137547252334,0.4653766038568293,0.004655228384305934,0.0027426254904567436,0.011044652952299934
0.009969566392,0.009969552290890903,0.010272087631316972,0.009667031221515679,3.3867556961059123e-9,0.0,0.46166740046186533,0.4663132836918206,0.004645883229955303,0.0027706472269309087,0.011129846064893681
0.010030729375999999,0.010030714827177977,0.010333867876849161,0.009727576323961342,3.366520962642374e-9,0.0,0.4626095582266888,0.4672461704350743,0.004636612208385489,0.002798726869907341,0.01121521067682625
0.01009189236,0.010091877035891336,0.010395646056458391,0.00978812436449751,3.3465526333603477e-9,0.0,0.46354788886688914,0.46817531562230086,0.004627426755411728,0.002826864458477484,0.0113007469389792
0.010153055344,0.010153042112001482,0.010457420870226905,0.009848674018984153,3.32669771308637e-9,0.0,0.46448247969257683,0.46910073686349296,0.004618257170916113,0.002855059850187453,0.011386454417130614
0.010214218328,0.010214204586485467,0.0105191942494409,0.009909227131168192,3.3071948417650265e-9,0.0,0.46541328502614726,0.47002249960989323,0.004609214583745992,0.0028833125446303697,0.011472331661536612
0.010275381312,0.010275366489824848,0.01058096535139651,0.009969782826661108,3.2879436810678922e-9,0.0,0.4663403733672094,0.4709406271382691,0.004600253771059735,0.0029116223619662773,0.011558378133644026
0.010336544296,0.010336531266873483,0.01064273579332183,0.010030342643386172,3.2688791056241376e-9,0.0,0.4672638334416992,0.47185517871250754,0.004591345270808318,0.002939990096866211,0.011644596262682168
0.01039770728,0.010397692309210524,0.010704499449096346,0.010090900528028092,3.250016528967624e-9,0.0,0.4681836016913075,0.47276609869792274,0.0045824970066152045,0.0029684126153728097,0.011730976552172565
0.010458870264,0.010458856643116307,0.010766265119230532,0.010151465063065773,3.231402686364e-9,0.0,0.4690998193940006,0.47367355118975657,0.004573731795755996,0.002996893472897014,0.011817529842513603
0.010520033247999999,0.010520020275445092,0.010828026640501366,0.010212030159918308,3.2129679027198704e-9,0.0,0.4700124615257663,0.47457747919005816,0.004565017664291825,0.0030254299320298093,0.011904247825959176
0.010581196232,0.010581180808158648,0.01088978305905953,0.010272594837900433,3.194754241613269e-9,0.0,0.47092152711263796,0.4754779023736162,0.0045563752609782664,0.0030540210921412613,0.011991127798932548
0.010642359216,0.010642345126691415,0.01095154184516579,0.010333166379211979,3.176770909596724e-9,0.0,0.4718271523850146,0.47637496224674303,0.004547809861728435,0.0030826701091456925,0.012078179377947907
0.010703522200000001,0.010703508033895245,0.011013296142139133,0.010393738015815142,3.1589662187443634e-9,0.0,0.4727292936160165,0.4772685912601875,0.004539297644171015,0.0031113738340180566,0.012165393008023637
0.010764685184,0.010764671478910444,0.011075048515358553,0.010454312220973299,3.1413539668186388e-9,0.0,0.473628012549397,0.47815885845258055,0.004530845903183561,0.003140133144007202,0.012252771381427567
0.010825848168,0.010825833356963235,0.011136797927780344,0.010514887935252201,3.123963262718145e-9,0.0,0.47452331076549065,0.47904578019005684,0.00452246942456621,0.0031689471675892013,0.012340311879566955
0.010887011152,0.010886995942036097,0.011198545483822387,0.010575466200536773,3.106753889328255e-9,0.0,0.4754152535561921,0.47992940318389915,0.004514149627707074,0.0031978163901944076,0.012428015992672008
0.010948174136,0.010948159196088887,0.01126029109605248,0.010636046890232764,3.089720885066891e-9,0.0,0.4763038717096153,0.4808097564967375,0.004505884787122212,0.0032267405661724783,0.012515882996295885
0.011009337119999999,0.011009322261051667,0.011322034466618284,0.010696629671850744,3.072877587108031e-9,0.0,0.477189183708851,0.48168686578215236,0.004497682073301368,0.00325571925546138,0.012603911578867394
0.011070500103999998,0.01107048510283085,0.011383775595890648,0.010757214506057253,3.056221310516534e-9,0.0,0.4780712196242986,0.4825607605335208,0.004489540909222214,0.003284752242818722,0.012692101108406418
0.011131663088,0.011131648426776592,0.011445514824541614,0.010817801688060388,3.0397376027223554e-9,0.0,0.47895001968892215,0.48343147460782815,0.004481454918905983,0.0033138395395973796,0.01278045163854787
0.011192826072000001,0.0111928106750548,0.011507251430486308,0.010878390470693564,3.0234477619371762e-9,0.0,0.47982559120789087,0.4842990264672468,0.004473435259355943,0.003342980464995018,0.01286896112755216
0.011253989056,0.011253974077197167,0.01156898651271221,0.010938981894549407,3.007314938395219e-9,0.0,0.480697995302607,0.4851634597626478,0.004465464460040791,0.0033721755163139038,0.012957631099906759
0.01131515204,0.011315137047761027,0.011630719316665188,0.010999575181668955,2.9913603111828565e-9,0.0,0.48156723809062524,0.48602479170816015,0.004457553617534904,0.003401424001288702,0.013046459478599812
0.011376315024,0.011376300037940917,0.011692450075944657,0.011060170524437965,2.975574200421877e-9,0.0,0.4824333543898843,0.48688305298787316,0.0044496985979889095,0.003430725865397566,0.013135446117081511
0.011437478008,0.011437462901493771,0.011754178708174362,0.011120767805632105,2.9599552747197284e-9,0.0,0.4832963701051652,0.4877382694835742,0.004441899378408975,0.003460080860770982,0.013224590283054555
0.011498640991999999,0.011498626233298946,0.011815902809410153,0.011181364629275586,2.9444177664734952e-9,0.0,0.4841563211740459,0.4885904347183514,0.00443411354430548,0.0034894881247314992,0.013313889359195431
0.011559803976,0.011559789255842383,0.011877630359775695,0.011241968794700602,2.9291995056922815e-9,0.0,0.4850132238320216,0.4894396849197356,0.004426461087714004,0.0035189498668019865,0.013403350125596345
0.01162096696,0.011620951999615419,0.011939353041172709,0.011302572100600754,2.914068165664631e-9,0.0,0.48586710534635164,0.4902859313618051,0.004418826015453436,0.0035484632621114714,0.013492963974963084
0.011682129944,0.011682115387435006,0.012001071801343882,0.01136317544272277,2.8990225106361896e-9,0.0,0.48671800499438606,0.49112921292187833,0.004411207927492292,0.003578028565900708,0.013582731701864689
0.011743292928,0.011743277987813897,0.012062792205727197,0.011423784252206245,2.884248693644748e-9,0.0,0.4875659289243582,0.49196963071272665,0.004403701788368471,0.0036076471299602442,0.01367265747020231
0.011804455912,0.01180444086521965,0.012124507366159845,0.011484391731571258,2.8695300295274835e-9,0.0,0.48841091762181393,0.4928071157603403,0.004396198138526369,0.0036373167421596634,0.013762734536079494
0.011865618896,0.011865603534122197,0.01218622389906979,0.011545004345547139,2.8550530768004956e-9,0.0,0.48925298971074727,0.4936417823529621,0.004388792642214804,0.0036670392515564055,0.01385296857286318
0.011926781879999999,0.011926766174913027,0.012247935201674118,0.01160561557696115,2.840635663278643e-9,0.0,0.49009217268064026,0.49447356536156917,0.004381392680928898,0.0036968123891400915,0.013943352671067959
0.011987944864,0.011987929542660246,0.012309645735952503,0.011666229776004282,2.8263729175045886e-9,0.0,0.4909285014902474,0.4953025489172684,0.004374047427020983,0.003726637524461231,0.014033891027845632
0.012049107848,0.012049093463790224,0.012371358290750105,0.01172684965081251,2.8123386412295953e-9,0.0,0.49176199799044007,0.49612879366435886,0.004366795673918804,0.0037565153484406246,0.014124585775087649
0.012110270832,0.012110256149212878,0.012433065635701636,0.011787468067900542,2.7983898219441866e-9,0.0,0.49259266183335837,0.4969522259662704,0.004359564132912053,0.0037864430614714993,0.014215428400849005
0.012171433815999999,0.012171417619873668,0.012494768511569219,0.011848085723659182,2.784543386243209e-9,0.0,0.4934205171340214,0.49777287899896694,0.0043523618649455535,0.0038164207213998505,0.014306419102693533
0.0122325968,0.012232581834541494,0.012556474830705976,0.011908710361153934,2.7708959310248444e-9,0.0,0.4942456407180691,0.4985908804135951,0.004345239695526018,0.0038464513600998873,0.014397567122680576
0.012293759784,0.012293744641218369,0.012618174245597814,0.011969331784319689,2.757289850495544e-9,0.0,0.4950679995182232,0.4994061153186857,0.004338115800462458,0.0038765307719991152,0.014488859677854042
0.012354922768,0.012354908348176203,0.012679877579398115,0.012029960597704186,2.7439363835512443e-9,0.0,0.49588764733488017,0.5002187486806391,0.004331101345758973,0.003906662671569992,0.01458030810718064
0.012416085752,0.012416071676964886,0.012741573280769159,0.012090585421947967,2.730576397590256e-9,0.0,0.496704589431628,0.5010286500871012,0.004324060655473149,0.003936842925557997,0.014671899824480717
0.012477248736,0.012477234778131003,0.012803270001921682,0.012151214730032694,2.717419943981026e-9,0.0,0.4975188499958846,0.5018359547431015,0.004317104747216963,0.003967074198623645,0.014763642981634607
0.01253841172,0.012538396748224713,0.012864964898863435,0.012211845698987084,2.7044161943600577e-9,0.0,0.49833043893606493,0.5026406464135242,0.004310207477459294,0.003997355246856603,0.014855533808790443
0.012599574704,0.012599559568523929,0.012926658133219946,0.012272478459604984,2.6915173276287326e-9,0.0,0.49913940412424307,0.5034427480849603,0.004303343960717157,0.004027686283584628,0.0149475729589189
0.012660737687999999,0.012660722648812565,0.012988349623877236,0.012333112904488503,2.6787341677028802e-9,0.0,0.49994575896702637,0.5042422793103023,0.004296520343275955,0.004058067017920822,0.01503975956809358
0.012721900671999999,0.012721885549449858,0.013050039227103592,0.012393748865025091,2.6660720678212158e-9,0.0,0.5007495186742768,0.505039258586796,0.004289739912519295,0.004088497164086269,0.015132092786554962
0.012783063656,0.012783048063855895,0.013111727470808373,0.01245438683314237,2.653546624969196e-9,0.0,0.5015507013091421,0.5058337128143228,0.0042830115051806705,0.004118976696598768,0.015224572556664566
0.012844226640000001,0.01284421062875148,0.013173413562138261,0.01251502600284008,2.64112613233687e-9,0.0,0.5023493330910808,0.5066256516255523,0.004276318534471502,0.004149505265027481,0.015317197823552264
0.012905389624,0.012905373573907093,0.01323509838069615,0.01257566721248888,2.6288217070629976e-9,0.0,0.5031454385172738,0.5074151059033719,0.004269667386098123,0.004180083052650877,0.015409969161559131
0.012966552608,0.012966536324192347,0.01329678153300652,0.01263631004933446,2.6166359112949103e-9,0.0,0.5039390300532578,0.5082020899295447,0.004263059876286907,0.004210709673694408,0.015502885416304265
0.013027715592,0.013027700081656874,0.013358463300914551,0.012696954764846917,2.6045448481466333e-9,0.0,0.5047301429585836,0.5089866263850535,0.004256483426469917,0.004241385264635478,0.015595947011431058
0.013088878576,0.013088862871009467,0.013420142631713192,0.012757600298654232,2.592569142877416e-9,0.0,0.5055187711479345,0.5097687207753516,0.004249949627417072,0.0042721089873620065,0.01568915142433222
0.013150041559999999,0.01315002563531123,0.013481821506350486,0.012818248573522885,2.580730430401452e-9,0.0,0.5063049460650872,0.5105484168281909,0.004243470763103658,0.0043028815002287436,0.0157825006725131
0.013211204543999999,0.0132111881592832,0.01354349796163339,0.012878897634392508,2.568986499427509e-9,0.0,0.5070886839443457,0.5113257081071241,0.004237024162778427,0.004333701960833133,0.015875992205108266
0.013272367528,0.013272351210831975,0.013605173090698421,0.012939548531754578,2.5573429423852204e-9,0.0,0.5078700133602349,0.5121006265961249,0.004230613235890028,0.004364570707828044,0.015969627065435935
0.013333530512,0.013333513840969482,0.01366684683991848,0.013000201188813322,2.545818755188733e-9,0.0,0.5086489407050796,0.5128731895492238,0.004224248844144175,0.004395487410567945,0.01606340426962989
0.013394693495999999,0.01339467841600905,0.013728518094082464,0.013060854484965885,2.534332847342756e-9,0.0,0.5094255143214418,0.5136434007744279,0.004217886452986126,0.004426451946785601,0.016157323441265255
0.013455856479999998,0.013455841325100639,0.01379018850607215,0.0131215100222834,2.5230036841481436e-9,0.0,0.5101997064214087,0.5144112984492063,0.004211592027797674,0.004457464105158686,0.016251383982631554
0.013517019464000002,0.013517003651634064,0.013851857737739972,0.01318216744503538,2.5117966895791e-9,0.0,0.5109715487026502,0.5151768956150862,0.004205346912436027,0.004488523807540684,0.016345585662359396
0.013578182448000001,0.01357816709417647,0.0139135254429985,0.013242826389891223,2.50066411920964e-9,0.0,0.5117410802089912,0.5159402050604711,0.004199124851479842,0.004519631079586592,0.01643992856030148
0.013639345432,0.013639329937905632,0.013975191258222415,0.013303486476473243,2.489635123507168e-9,0.0,0.512508296763419,0.5167012392062179,0.004192942442798898,0.004550785360061972,0.01653441099527156
0.013700508416,0.013700493004728585,0.014036855444816681,0.01336414793948406,2.47869553687503e-9,0.0,0.513273225916662,0.5174600180063662,0.004186792089704142,0.004581986730758648,0.0166290332254376
0.0137616714,0.013761655585095236,0.014098518337875267,0.013424811086437382,2.467866888407268e-9,0.0,0.5140358758242606,0.518216562083796,0.004180686259535383,0.004613235038376534,0.016723794804784184
0.013822834384,0.013822818098118732,0.014160179714471966,0.013485475676157967,2.457133423924e-9,0.0,0.5147962685562804,0.518970885004284,0.004174616448003618,0.004644530135883295,0.01681869529681671
0.013883997368,0.013883981450803077,0.014221839454589384,0.013546141568936453,2.4464713242750773e-9,0.0,0.5155544319616014,0.5197230014292847,0.0041685694676832545,0.004675871995919459,0.01691373462569129
0.013945160352,0.013945144185914565,0.014283499939712922,0.013606811086651424,2.435961878613047e-9,0.0,0.5163103643849899,0.520472956231564,0.004162591846574126,0.004707261033289856,0.017008914082990472
0.014006323336,0.014006307808639307,0.014345157189395191,0.013667480291739816,2.425485819073944e-9,0.0,0.517064100643876,0.5212207167233613,0.004156616079485404,0.004738696019571318,0.017104229926154763
0.01406748632,0.014067470423210767,0.014406812686299933,0.013728150622088615,2.41511459354926e-9,0.0,0.5178156334226873,0.5219663165611095,0.004150683138422133,0.004770176989833752,0.01719968229270196
0.014128649303999999,0.014128633624320874,0.014468466895554538,0.013788822514751812,2.404822362732852e-9,0.0,0.5185649981931764,0.5227097767646045,0.00414477857142815,0.004801704238390943,0.017295272081078575
0.014189812287999998,0.014189796694506512,0.014530119800853688,0.013849495933309494,2.3946227964383892e-9,0.0,0.5193122018123704,0.5234511123340325,0.00413891052166219,0.004833277498798036,0.01739099849946729
0.014250975271999998,0.014250959440980156,0.01459177109097411,0.013910170551318275,2.3845120925262134e-9,0.0,0.5200572574407504,0.5241903345685213,0.00413307712777084,0.004864896495152348,0.017486860722804243
0.014312138256,0.014312122587664566,0.014653421068398186,0.01397084664653217,2.374479985337925e-9,0.0,0.5208001892074434,0.5249274619671715,0.004127272759728178,0.004896561320592394,0.017582859043090805
0.01437330124,0.014373285698025057,0.014715069765166,0.014031524230796254,2.3645350523857037e-9,0.0,0.5215410069314121,0.5256625096014365,0.004121502670024317,0.004928271776240225,0.017678992871777172
0.014434464224,0.014434448394916248,0.014776714307971981,0.014092200456410395,2.3546252395754202e-9,0.0,0.5222797210366261,0.52639545787804,0.0041157368414139065,0.004960026678271301,0.01777525861827332
0.014495627208000001,0.014495611352607313,0.014838360105030092,0.01415288062736698,2.3448458280662813e-9,0.0,0.5230163544744993,0.5271263854771934,0.004110031002694075,0.004991827863795752,0.01787166188912913
0.014556790192000001,0.014556774788520415,0.014900005365281107,0.014213562961845781,2.3351542570634407e-9,0.0,0.5237509244596186,0.52785528520159,0.004104360741971362,0.005023674627664308,0.017968200547109583
0.014617953176,0.014617937769621179,0.014961648519031536,0.014274245895845965,2.3255367524399227e-9,0.0,0.5244834342550492,0.5285821525397223,0.004098718284673122,0.005055566137364608,0.018064872076544614
0.01467911616,0.014679100543877563,0.015023292020578258,0.014334931826871976,2.316036138513692e-9,0.0,0.525213901172472,0.5293070302831097,0.004093129110637619,0.005087503151325923,0.018161678799587456
0.014740279144,0.014740263986004165,0.015084932586110194,0.014395617503713373,2.3065679261760465e-9,0.0,0.525942349785562,0.5300298935563418,0.004087543770779786,0.005119484562762081,0.01825861735001623
0.014801442128,0.014801426546810069,0.015146568619326893,0.014456301336279172,2.2971312672470966e-9,0.0,0.5266687756476816,0.5307507374628375,0.004081961815155996,0.005151509418070396,0.018355684848508354
0.014862605111999999,0.014862589147869877,0.015208207114762876,0.014516990193071604,2.287844597601366e-9,0.0,0.5273932035851838,0.5314696572214923,0.004076453636308437,0.005183580168671593,0.018452888768956198
0.014923768096,0.01492375251428909,0.015269842937736209,0.014577679000854755,2.2785911087144814e-9,0.0,0.528115655834873,0.532186606126904,0.004070950292031052,0.005215695041425917,0.018550223716248267
0.01498493108,0.014984914238862635,0.015331479007817471,0.014638370616730942,2.269474460566539e-9,0.0,0.5288361175438888,0.5329016312851533,0.004065513741264502,0.00524785449904847,0.018647691132278953
0.015046094064,0.015046078410307797,0.015393115032739898,0.014699064735655073,2.2604068289324587e-9,0.0,0.5295546502284364,0.5336147421876818,0.004060091959245385,0.005280059038381846,0.018745292509653247
0.015107257047999999,0.01510724163519847,0.01545474800110512,0.014759758374973198,2.251395890097822e-9,0.0,0.5302712271984142,0.5343259168907541,0.0040546896923399365,0.005312306891200698,0.018843022502207273
0.015168420031999998,0.015168403000438323,0.01551637782147603,0.014820451427361736,2.2424568166754685e-9,0.0,0.5309858509930125,0.5350351672419856,0.0040493162489731414,0.005344597738112788,0.018940880157103813
0.015229583016000001,0.015229567910775349,0.015578009899684789,0.014881149199711808,2.2335870432637656e-9,0.0,0.5316985976460494,0.5357425679761799,0.0040439703301304525,0.005376934298567793,0.019038873725685055
0.015290746000000001,0.015290727283428557,0.015639634446308375,0.014941842034144072,2.224774859078375e-9,0.0,0.5324093742338474,0.5364480193212268,0.00403864508737936,0.005409311424688399,0.019136987614704688
0.015351908984,0.015351893640535862,0.01570126651944619,0.015002544744726088,2.2160635597453992e-9,0.0,0.5331183389058354,0.537151705876277,0.004033366970441655,0.005441736480463781,0.019235244162629343
0.015413071968,0.015413051748806948,0.01576289389357182,0.015063245274259956,2.2075122398336283e-9,0.0,0.5338253277067314,0.5378535000201164,0.004028172313385081,0.005474202367451713,0.019333621885733725
0.015474234952,0.015474218359596444,0.01582451490798448,0.015123941970343033,2.1987713368433746e-9,0.0,0.5345305466918467,0.5385533952992355,0.004022848607388798,0.0055067113579697746,0.01943212758135491
0.015535397936,0.015535417534356435,0.015886149266691275,0.015184654225977782,2.1897566408121483e-9,0.0,0.5352342836985717,0.5392516270448585,0.004017343346286744,0.005539274552320487,0.019530794869448878
0.01559656092,0.015596544747859918,0.015947761755515964,0.015245347337637058,2.181777201787585e-9,0.0,0.5359353507251085,0.5399478084200161,0.004012457694907647,0.0055718608087765515,0.01962952977217634
0.015657723903999998,0.015657707378274894,0.016009383546302023,0.015306051995763587,2.173392114201961e-9,0.0,0.5366349929722661,0.5406423037922463,0.0040073108199801455,0.005604500126212237,0.01972842278711951
0.015718886887999998,0.015718869979116472,0.016071003581781578,0.015366757292733391,2.165061744246545e-9,0.0,0.5373328152827962,0.5413349996888162,0.004002184406019971,0.005637182177426059,0.019827442763404438
0.015780049872,0.015780033094058107,0.016132622664727612,0.015427464004041965,2.1567899095013873e-9,0.0,0.5380288356230791,0.5420259166090432,0.003997080985964096,0.005669907228155688,0.01992659051705559
0.015841212856,0.015841183331403157,0.01619424115429296,0.01548817246838751,2.14882742325211e-9,0.0,0.5387229138062081,0.5427150698882739,0.003992156082065876,0.00570267288749923,0.020025858886973294
0.01590237584,0.01590235848522366,0.016255859168061753,0.015548882786662202,2.1404835125667734e-9,0.0,0.5394154898245358,0.5434024720148247,0.0039869821902889695,0.005735485871325823,0.020125268028871136
0.015963538824,0.015963520060407216,0.01631747139516025,0.01560958971113204,2.132366738531743e-9,0.0,0.5401061387969613,0.5440880750206296,0.003981936223668218,0.005768337270566964,0.020224791137746945
0.016024701808,0.016536356455220707,0.016513014357063826,0.015802274569410184,-4.554887378229967e-13,0.0,0.5464906869318913,0.546252656282669,-0.0002380306492223421,0.005941606951704758,0.020747670261487664
0.016085864792,0.016597226008867236,0.016563822489698378,0.01585234380171142,-1.4247180521437303e-12,0.0,0.5471603924506696,0.5468122823359111,-0.00034811011475850234,0.005970814509602627,0.020836088061387353
0.016147027776,0.016651015197723884,0.01663117004395024,0.01591871426591602,-2.642173765515964e-13,0.0,0.5477508361790975,0.5475523208146467,-0.00019851536445078324,0.006004668777810127,0.02093870341608946
0.01620819076,0.016225855189885365,0.016570293312696046,0.01585872062915271,1.9046726568823377e-9,0.0,0.5430486341835145,0.5468834730096048,0.003834838826090349,0.005905644329403987,0.020640675948022002
0.016269353744,0.016269338100854156,0.0166255341438854,0.015913160030481533,2.0928362267716397e-9,0.0,0.5435332918117294,0.5474904682523322,0.003957176440602812,0.005933236380654901,0.020724315431025656
0.016330516728,0.016330491397663027,0.016687138854099344,0.01597387309054788,2.0852097949501492e-9,0.0,0.5442134433115093,0.5481658071651571,0.0039523638536477475,0.005966338715671815,0.020824584222529256
0.016391679712,0.016906598764212577,0.016871548372669545,0.01615562665751136,-1.5972261797736935e-12,0.0,0.5505391350281794,0.5501775066752301,-0.0003616283529492366,0.006137527481266846,0.021341025589282005
0.016452842696,0.01696951650692774,0.016937050139756032,0.01622018973091951,-1.243701948059936e-12,0.0,0.5512212226023221,0.5508885279872191,-0.00033269461510294685,0.0061726099557679395,0.02144729074462622
0.01651400568,0.017032315666686813,0.016997116245863114,0.016279397181108442,-1.5943308781877823e-12,0.0,0.551900345484025,0.551538935771876,-0.0003614097121490464,0.006205760157934411,0.02154767354461287
0.016575168664,0.017093437327886818,0.017059645227390917,0.016341034461350847,-1.3909772521992974e-12,0.0,0.5525597264218007,0.5522143863227311,-0.00034534009906963625,0.006239529641604618,0.02164995124898088
0.016636331647999998,0.017155506052079293,0.01712152500220834,0.016402033950952525,-1.4052412577843953e-12,0.0,0.5532277176823391,0.5528812011464782,-0.00034651653586097696,0.006273281651290524,0.021752165348314725
0.016697494631999998,0.017217500169829456,0.017192981393185394,0.016472476476055306,-4.911189969125882e-13,0.0,0.553893299665359,0.5536492175766118,-0.00024408208874731452,0.006310521778877944,0.021864990610841156
0.016758657615999997,0.017280165033457123,0.017254778192083882,0.016533398744171722,-5.454051195244172e-13,0.0,0.554564461200378,0.5543116982573301,-0.0002527629430479221,0.006344441871993501,0.021967705277794118
0.0168198206,0.017341520481025954,0.017305786642816224,0.016583686920773884,-1.611391405174415e-12,0.0,0.5552200281937824,0.5548573339350302,-0.0003626942587520939,0.006374253942438247,0.022057928497914752
0.016880983584,0.01740286826422523,0.01736575580845062,0.01664281110161074,-1.8027312136511553e-12,0.0,0.5558739691193612,0.5554974526367802,-0.00037651648258101933,0.006407345711446809,0.02215812803101534
0.016942146568,0.01746455077530808,0.017430277520533864,0.01670642586716083,-1.3918008466986033e-12,0.0,0.556529930512422,0.5561845222684351,-0.0003454082439869686,0.0064421917984979595,0.022263659496418675
0.017003309552000002,0.017527006792518684,0.017489243918542768,0.016764565375903654,-1.8766207576162107e-12,0.0,0.5571925459487667,0.5568109540271899,-0.00038159192157676333,0.006475205744099926,0.02236360802579031
0.017064472536000002,0.01706444993765057,0.017426361516039705,0.01670256484349365,1.9967488668913716e-9,0.0,0.5522472065393906,0.5561428704516361,0.0038956639122455046,0.006366833223334908,0.02203752066466595
0.01712563552,0.017125600061871773,0.017487949901306404,0.016763289484643316,1.989823498415239e-9,0.0,0.5529060672188193,0.5567972221082138,0.0038911548893945016,0.006400468776681215,0.022139374353893633
0.017186798504,0.017186771723737036,0.017549552844985973,0.016824030520686366,1.9828452379751495e-9,0.0,0.5535635926102487,0.5574501934447327,0.0038866008344839577,0.006434154401955237,0.022241377403098093
0.017247961488,0.017247981090029528,0.01761115776878426,0.016884775538143798,1.9753477094925687e-9,0.0,0.5542199635082099,0.5581016594875985,0.0038816959793885786,0.0064678884389545,0.02234352464318973
0.017309124472,0.017309100132408092,0.017672738524189595,0.01694549874052512,1.969002416381588e-9,0.0,0.5548738182181634,0.5587513534247696,0.0038775352066061897,0.006501637599539129,0.02244571581332468
0.017370287456,0.01737026130646173,0.01773432880302626,0.017006233337991283,1.962185734676511e-9,0.0,0.5555265846936343,0.559399640053948,0.0038730553603137786,0.006535438529683845,0.022548061373687506
0.01743145044,0.017431407232173797,0.01779590680891495,0.01706695782519912,1.955482952299193e-9,0.0,0.5561776585268428,0.5600462987659891,0.0038686402391463186,0.0065692725655989844,0.022650505003899653
0.017492613424,0.0174925824361413,0.01785750599432619,0.017127705179826862,1.9487074139570056e-9,0.0,0.5568275222458712,0.5606916891735844,0.003864166927713195,0.006603160098558328,0.022753108393900438
0.017553776408,0.017553732586353312,0.017919094474518556,0.017188443947120206,1.9422258847647713e-9,0.0,0.5574756073787415,0.5613354853899684,0.0038598780112269007,0.0066370792970623085,0.022855805566533324
0.017614939391999998,0.01761489826013649,0.017980669126493366,0.017249171034660907,1.9353399515028052e-9,0.0,0.5581223531025524,0.5619776641312344,0.0038553110286819307,0.006671036439771621,0.02295861531578138
0.017676102375999998,0.01767607498551893,0.01804226808709308,0.017309924043613225,1.928721630410782e-9,0.0,0.558767719848784,0.5626186311634064,0.0038509113146223423,0.0067050446053308925,0.023061577462834715
0.017737265359999997,0.017737223663571843,0.018103854208071677,0.01737066632531285,1.9224060602985295e-9,0.0,0.5594113043890071,0.5632580078569501,0.0038467034679430115,0.00673908278331358,0.023164628415274273
0.017798428343999997,0.017798382895954288,0.01816543616120226,0.017431406420888428,1.91591774704515e-9,0.0,0.5600535221724956,0.5638958930925174,0.0038423709200218624,0.006773161246820704,0.023267799129496648
0.017859591328,0.01785955210898636,0.01822702164339109,0.01749215191107201,1.909386638393162e-9,0.0,0.5606943748875356,0.5645323747933303,0.0038379999057947035,0.00680728263645992,0.023371097648743955
0.017920754312,0.017920725797628538,0.018288601589594236,0.01755289384354507,1.902759945606347e-9,0.0,0.5613338127206016,0.5651673674422016,0.0038335547216000443,0.006841442495436675,0.023474510469699967
0.017981917296000002,0.017981866312347224,0.018350170482540607,0.01761362676462819,1.89653748913721e-9,0.0,0.5619714514550169,0.5658008227486481,0.0038293712936310928,0.006875631637031949,0.02357800995326411
0.018043080280000002,0.018043036117751283,0.018411759744754782,0.017674381659995853,1.8902290881337443e-9,0.0,0.5626079509043057,0.5664330716371218,0.0038251207328160322,0.006909873277280191,0.023681666227675015
0.018104243264,0.01810420790689981,0.01847333381690878,0.017735123441757327,1.883716708202529e-9,0.0,0.5632430339746372,0.5670637567744852,0.0038207227998480497,0.006944149071371682,0.023785423725122923
0.018165406248,0.018165362317977492,0.018534918319339524,0.01779587737328477,1.877684797470028e-9,0.0,0.5638765082740604,0.5676931485595057,0.003816640285445283,0.006978464775023403,0.023889300103955395
0.018226569232,0.01822653114132473,0.01859649833694376,0.017856628730552878,1.8714200016378695e-9,0.0,0.5645087112184392,0.568321102101714,0.0038123908832748523,0.0070128207457035565,0.023993296216056514
0.018287732216,0.018287690449958604,0.018658072923916122,0.017917376569783393,1.8652734940651768e-9,0.0,0.5651394032781117,0.5689476157673115,0.003808212489199743,0.00704721203976361,0.024097397220622232
0.0183488952,0.01834885640640074,0.018719640091022432,0.017978118917715773,1.8589706341138072e-9,0.0,0.5657687590907404,0.5695726773542189,0.0038039182634785136,0.007081640864386644,0.024201609713975183
